[{"model": "admin.logentry", "pk": 1, "fields": {"action_time": "2022-07-20T01:13:41.017Z", "user": 1, "content_type": 7, "object_id": "1", "object_repr": "pianos-r-us.example.com", "action_flag": 2, "change_message": "[{\"changed\": {\"fields\": [\"Domain name\", \"Display name\"]}}]"}}, {"model": "admin.logentry", "pk": 2, "fields": {"action_time": "2022-07-20T01:27:38.491Z", "user": 1, "content_type": 8, "object_id": "1", "object_repr": "admin@gmail.com", "action_flag": 2, "change_message": "[{\"changed\": {\"fields\": [\"Verified\", \"Primary\"]}}]"}}, {"model": "admin.logentry", "pk": 3, "fields": {"action_time": "2022-07-31T00:43:08.086Z", "user": 1, "content_type": 13, "object_id": "1", "object_repr": "pianos", "action_flag": 1, "change_message": "[{\"added\": {}}]"}}, {"model": "admin.logentry", "pk": 4, "fields": {"action_time": "2022-07-31T00:43:31.302Z", "user": 1, "content_type": 13, "object_id": "2", "object_repr": "keyboards", "action_flag": 1, "change_message": "[{\"added\": {}}]"}}, {"model": "admin.logentry", "pk": 5, "fields": {"action_time": "2022-07-31T00:43:54.256Z", "user": 1, "content_type": 13, "object_id": "3", "object_repr": "piano_stools", "action_flag": 1, "change_message": "[{\"added\": {}}]"}}, {"model": "admin.logentry", "pk": 6, "fields": {"action_time": "2022-07-31T00:44:00.646Z", "user": 1, "content_type": 13, "object_id": "3", "object_repr": "piano_stools", "action_flag": 2, "change_message": "[]"}}, {"model": "admin.logentry", "pk": 7, "fields": {"action_time": "2022-07-31T00:44:21.857Z", "user": 1, "content_type": 13, "object_id": "4", "object_repr": "music_books", "action_flag": 1, "change_message": "[{\"added\": {}}]"}}, {"model": "admin.logentry", "pk": 8, "fields": {"action_time": "2022-07-31T00:45:19.224Z", "user": 1, "content_type": 13, "object_id": "5", "object_repr": "beginner_books", "action_flag": 1, "change_message": "[{\"added\": {}}]"}}, {"model": "admin.logentry", "pk": 9, "fields": {"action_time": "2022-07-31T00:45:41.293Z", "user": 1, "content_type": 13, "object_id": "6", "object_repr": "intermediate_books", "action_flag": 1, "change_message": "[{\"added\": {}}]"}}, {"model": "admin.logentry", "pk": 10, "fields": {"action_time": "2022-07-31T00:46:01.275Z", "user": 1, "content_type": 13, "object_id": "7", "object_repr": "advanced_books", "action_flag": 1, "change_message": "[{\"added\": {}}]"}}, {"model": "admin.logentry", "pk": 11, "fields": {"action_time": "2022-07-31T22:38:14.642Z", "user": 1, "content_type": 14, "object_id": "1", "object_repr": "Wurlitzer 200A Electric Piano", "action_flag": 1, "change_message": "[{\"added\": {}}]"}}, {"model": "admin.logentry", "pk": 12, "fields": {"action_time": "2022-07-31T23:05:11.076Z", "user": 1, "content_type": 14, "object_id": "1", "object_repr": "Wurlitzer 200A Electric Piano", "action_flag": 2, "change_message": "[{\"changed\": {\"fields\": [\"Sku\"]}}]"}}, {"model": "admin.logentry", "pk": 13, "fields": {"action_time": "2022-07-31T23:18:54.343Z", "user": 1, "content_type": 14, "object_id": "2", "object_repr": "Thomann DP-95 B", "action_flag": 1, "change_message": "[{\"added\": {}}]"}}, {"model": "admin.logentry", "pk": 14, "fields": {"action_time": "2022-07-31T23:19:36.852Z", "user": 1, "content_type": 14, "object_id": "3", "object_repr": "Thomann DP-95 WH", "action_flag": 1, "change_message": "[{\"added\": {}}]"}}, {"model": "admin.logentry", "pk": 15, "fields": {"action_time": "2022-07-31T23:27:42.914Z", "user": 1, "content_type": 14, "object_id": "4", "object_repr": "Startone MK-400", "action_flag": 1, "change_message": "[{\"added\": {}}]"}}, {"model": "admin.logentry", "pk": 16, "fields": {"action_time": "2022-07-31T23:30:10.938Z", "user": 1, "content_type": 14, "object_id": "5", "object_repr": "Thomann SP-5600", "action_flag": 1, "change_message": "[{\"added\": {}}]"}}, {"model": "admin.logentry", "pk": 17, "fields": {"action_time": "2022-07-31T23:45:25.037Z", "user": 1, "content_type": 14, "object_id": "6", "object_repr": "Adjustable Keyboard / Piano Bench", "action_flag": 1, "change_message": "[{\"added\": {}}]"}}, {"model": "admin.logentry", "pk": 18, "fields": {"action_time": "2022-07-31T23:47:11.023Z", "user": 1, "content_type": 14, "object_id": "7", "object_repr": "Piano Time 1", "action_flag": 1, "change_message": "[{\"added\": {}}]"}}, {"model": "admin.logentry", "pk": 19, "fields": {"action_time": "2022-07-31T23:50:01.136Z", "user": 1, "content_type": 14, "object_id": "8", "object_repr": "65 Famous Pieces of Classical Music for Solo Piano Volume II: Bach, Beethoven, Chopin, Lizst, Haydn, Mozart, Schubert, Tchaikovsky and More (Music Masterpiece Library: Classical Piano Sheet Music)", "action_flag": 1, "change_message": "[{\"added\": {}}]"}}, {"model": "admin.logentry", "pk": 20, "fields": {"action_time": "2022-07-31T23:55:33.785Z", "user": 1, "content_type": 14, "object_id": "9", "object_repr": "Classical Piano Sheet Music | 60 Famous Solos | Composed By: Mozart, Chopin, Beethoven, Bach, Schubert, Brahms, Tchaikovsky, Rachmaninoff, Debussy, ... Scriabin, Liszt, Vivaldi, Grieg and More", "action_flag": 1, "change_message": "[{\"added\": {}}]"}}, {"model": "admin.logentry", "pk": 21, "fields": {"action_time": "2022-08-01T01:47:47.541Z", "user": 1, "content_type": 14, "object_id": "2", "object_repr": "Thomann DP-95 B", "action_flag": 2, "change_message": "[{\"changed\": {\"fields\": [\"Sku\"]}}]"}}, {"model": "admin.logentry", "pk": 22, "fields": {"action_time": "2022-08-01T01:48:39.294Z", "user": 1, "content_type": 14, "object_id": "3", "object_repr": "Thomann DP-95 WH", "action_flag": 2, "change_message": "[{\"changed\": {\"fields\": [\"Sku\"]}}]"}}, {"model": "admin.logentry", "pk": 23, "fields": {"action_time": "2022-08-01T01:49:27.303Z", "user": 1, "content_type": 14, "object_id": "4", "object_repr": "Startone MK-400", "action_flag": 2, "change_message": "[{\"changed\": {\"fields\": [\"Sku\"]}}]"}}, {"model": "admin.logentry", "pk": 24, "fields": {"action_time": "2022-08-01T01:49:55.894Z", "user": 1, "content_type": 14, "object_id": "5", "object_repr": "Thomann SP-5600", "action_flag": 2, "change_message": "[{\"changed\": {\"fields\": [\"Sku\"]}}]"}}, {"model": "admin.logentry", "pk": 25, "fields": {"action_time": "2022-08-01T01:50:23.786Z", "user": 1, "content_type": 14, "object_id": "6", "object_repr": "Adjustable Keyboard / Piano Bench", "action_flag": 2, "change_message": "[{\"changed\": {\"fields\": [\"Sku\"]}}]"}}, {"model": "admin.logentry", "pk": 26, "fields": {"action_time": "2022-08-01T01:50:43.594Z", "user": 1, "content_type": 14, "object_id": "7", "object_repr": "Piano Time 1", "action_flag": 2, "change_message": "[{\"changed\": {\"fields\": [\"Sku\"]}}]"}}, {"model": "admin.logentry", "pk": 27, "fields": {"action_time": "2022-08-01T01:51:09.945Z", "user": 1, "content_type": 14, "object_id": "8", "object_repr": "65 Famous Pieces of Classical Music for Solo Piano Volume II: Bach, Beethoven, Chopin, Lizst, Haydn, Mozart, Schubert, Tchaikovsky and More (Music Masterpiece Library: Classical Piano Sheet Music)", "action_flag": 2, "change_message": "[{\"changed\": {\"fields\": [\"Sku\"]}}]"}}, {"model": "admin.logentry", "pk": 28, "fields": {"action_time": "2022-08-01T01:51:39.039Z", "user": 1, "content_type": 14, "object_id": "9", "object_repr": "Classical Piano Sheet Music | 60 Famous Solos | Composed By: Mozart, Chopin, Beethoven, Bach, Schubert, Brahms, Tchaikovsky, Rachmaninoff, Debussy, ... Scriabin, Liszt, Vivaldi, Grieg and More", "action_flag": 2, "change_message": "[{\"changed\": {\"fields\": [\"Sku\"]}}]"}}, {"model": "admin.logentry", "pk": 29, "fields": {"action_time": "2022-08-01T19:07:07.716Z", "user": 1, "content_type": 14, "object_id": "1", "object_repr": "Wurlitzer 200A Electric Piano", "action_flag": 2, "change_message": "[{\"changed\": {\"fields\": [\"Image url\"]}}]"}}, {"model": "admin.logentry", "pk": 30, "fields": {"action_time": "2022-08-01T20:20:57.129Z", "user": 1, "content_type": 14, "object_id": "1", "object_repr": "Wurlitzer 200A Electric Piano", "action_flag": 2, "change_message": "[]"}}, {"model": "admin.logentry", "pk": 31, "fields": {"action_time": "2022-08-09T23:00:00.865Z", "user": 1, "content_type": 14, "object_id": "1", "object_repr": "Wurlitzer 200A Electric Piano", "action_flag": 2, "change_message": "[{\"changed\": {\"fields\": [\"Has key size\"]}}]"}}, {"model": "admin.logentry", "pk": 32, "fields": {"action_time": "2022-08-09T23:15:58.835Z", "user": 1, "content_type": 14, "object_id": "1", "object_repr": "Wurlitzer 200A Electric Piano", "action_flag": 2, "change_message": "[{\"changed\": {\"fields\": [\"Keyboard size\"]}}]"}}, {"model": "admin.logentry", "pk": 33, "fields": {"action_time": "2022-08-14T15:10:42.169Z", "user": 1, "content_type": 15, "object_id": "1", "object_repr": "F97C21D3D1374AD4B460BADEA8599442", "action_flag": 1, "change_message": "[{\"added\": {}}, {\"added\": {\"name\": \"line items\", \"object\": \"SKU pp5001901463 on order F97C21D3D1374AD4B460BADEA8599442\"}}]"}}, {"model": "admin.logentry", "pk": 34, "fields": {"action_time": "2022-08-14T15:15:35.552Z", "user": 1, "content_type": 15, "object_id": "1", "object_repr": "F97C21D3D1374AD4B460BADEA8599442", "action_flag": 2, "change_message": "[{\"added\": {\"name\": \"line items\", \"object\": \"SKU pp5001347896 on order F97C21D3D1374AD4B460BADEA8599442\"}}]"}}, {"model": "admin.logentry", "pk": 35, "fields": {"action_time": "2022-08-14T15:15:50.384Z", "user": 1, "content_type": 15, "object_id": "1", "object_repr": "F97C21D3D1374AD4B460BADEA8599442", "action_flag": 2, "change_message": "[{\"deleted\": {\"name\": \"line items\", \"object\": \"SKU pp5001347896 on order F97C21D3D1374AD4B460BADEA8599442\"}}]"}}, {"model": "admin.logentry", "pk": 36, "fields": {"action_time": "2022-08-14T16:33:05.512Z", "user": 1, "content_type": 15, "object_id": "1", "object_repr": "F97C21D3D1374AD4B460BADEA8599442", "action_flag": 2, "change_message": "[{\"added\": {\"name\": \"line items\", \"object\": \"SKU pp5001347896 on order F97C21D3D1374AD4B460BADEA8599442\"}}]"}}, {"model": "admin.logentry", "pk": 37, "fields": {"action_time": "2022-08-14T16:33:31.489Z", "user": 1, "content_type": 15, "object_id": "1", "object_repr": "F97C21D3D1374AD4B460BADEA8599442", "action_flag": 2, "change_message": "[{\"added\": {\"name\": \"line items\", \"object\": \"SKU pp5002536897 on order F97C21D3D1374AD4B460BADEA8599442\"}}]"}}, {"model": "admin.logentry", "pk": 38, "fields": {"action_time": "2022-08-14T16:33:59.715Z", "user": 1, "content_type": 15, "object_id": "1", "object_repr": "F97C21D3D1374AD4B460BADEA8599442", "action_flag": 2, "change_message": "[{\"deleted\": {\"name\": \"line items\", \"object\": \"SKU pp5002536897 on order F97C21D3D1374AD4B460BADEA8599442\"}}]"}}, {"model": "admin.logentry", "pk": 39, "fields": {"action_time": "2022-08-18T22:03:56.529Z", "user": 1, "content_type": 18, "object_id": "1", "object_repr": "Review I loved it! by Admin", "action_flag": 1, "change_message": "[{\"added\": {}}]"}}, {"model": "admin.logentry", "pk": 40, "fields": {"action_time": "2022-08-19T11:05:22.242Z", "user": 1, "content_type": 18, "object_id": "5", "object_repr": "Review I loved the item by admin", "action_flag": 2, "change_message": "[{\"changed\": {\"fields\": [\"Email\", \"Approved reviews\"]}}]"}}, {"model": "auth.user", "pk": 1, "fields": {"password": "pbkdf2_sha256$260000$BvF4hynhsGeN3j5t2TowXe$FXgIqaMTrMAQxD1Y5mf3rH5oPb4bXV7CoCbp0xPPYEQ=", "last_login": "2022-08-19T16:28:33.141Z", "is_superuser": true, "username": "admin", "first_name": "", "last_name": "", "email": "admin@gmail.com", "is_staff": true, "is_active": true, "date_joined": "2022-07-19T02:21:21.827Z", "groups": [], "user_permissions": []}}, {"model": "auth.user", "pk": 2, "fields": {"password": "pbkdf2_sha256$260000$TDDTl69no0WADsleuap0Y0$f3XhPFI15VeV9h9BNAfSm+KuHGqEYYQSlS7blODFLmM=", "last_login": "2022-08-16T23:02:54.463Z", "is_superuser": false, "username": "user", "first_name": "", "last_name": "", "email": "user@gmail.com", "is_staff": false, "is_active": true, "date_joined": "2022-08-15T20:39:12.666Z", "groups": [], "user_permissions": []}}, {"model": "auth.user", "pk": 3, "fields": {"password": "pbkdf2_sha256$260000$BZh4y2LQHpiurKrjikDcvA$QA5GaBhk8zmv/Kb7lAoohfjvXgz5vkQOwPfFohqLAYc=", "last_login": "2022-08-18T21:48:42.712Z", "is_superuser": true, "username": "tutor", "first_name": "", "last_name": "", "email": "", "is_staff": true, "is_active": true, "date_joined": "2022-08-18T21:48:29.677Z", "groups": [], "user_permissions": []}}, {"model": "sessions.session", "pk": "1523zddtmbsvoy0dj7ntax984jk61lgs", "fields": {"session_data": "eyJjYXJ0Ijp7IjIiOjF9fQ:1oNcU8:SudMxjM7xq_4nk1UaIHxfCGDLjbQQCvo-g5eZYcj6dM", "expire_date": "2022-08-29T15:58:36.202Z"}}, {"model": "sessions.session", "pk": "161zxdga1o3g95o2pejjrz8g6g0rch4s", "fields": {"session_data": ".eJxVjMsOgyAQRf9l1oYAvoBl9_0GMgxjtW00AezG-O_VxEW7vefcs4HHtYx-zZz8FMGBgup3C0gvnk8Qnzg_FkHLXNIUxKmIi2ZxXyK_b5f7Fxgxj8cbSWskJlvXUcvAxihDlpRGHqRWHCy2Jpo-tF3Lva0la0UUZdf0OhhujmjGD_tpHhZwJa1cAWEq4DbQ4NS-fwGu1UJ7:1oNPBL:aocMn_hg2TeEKsnrX1BbQNnj74QaO5XhkPzlxRUeN2Y", "expire_date": "2022-08-29T01:46:19.951Z"}}, {"model": "sessions.session", "pk": "7dzl763qgl3epms01awn7jkcxo63pkqu", "fields": {"session_data": ".eJxVjDsOwjAQBe_iGlle78YfSnrOEK1_OIAcKU4qxN0hUgpo38y8lxh5W-u49byMUxJngeL0uwWOj9x2kO7cbrOMc1uXKchdkQft8jqn_Lwc7t9B5V6_dXABwIL3g86uDGTRABoDqVjSOhJbLuCweGAmPRAaqxSSitpoQEXi_QGtEzXj:1oOnhb:s-8HgPkVgabSIKAJUCMSAjx1GDpEgQwamDO86meJI5A", "expire_date": "2022-09-01T22:09:23.818Z"}}, {"model": "sessions.session", "pk": "ccyydjl312yoan1ck8yuj15n7hzdudl1", "fields": {"session_data": ".eJxVjDsOgzAQRO-yNbLsNeBPmT5nQOv1JpBEIGGoEHcPSDQ0U8x7MxswzQvEDQxEU4GDaCvAI_cKOlqXvluLzN2QIR7KrUvEXxlPkD80vifF07jMQ1Knoi5a1HPK8ntc7u2gp9Ifa2JEYuFgbUadxHvjObBBkpdGIylQ47N3qWkbccFqQcOcdVs7TF5q2P-ZQj55:1oKGoS:G1HK_rTziut290JbCGacJdRRaFVFUNwu35hgBUzPU3o", "expire_date": "2022-08-20T10:13:44.084Z"}}, {"model": "sessions.session", "pk": "dtno6lnt3hx29la4n9tqln0v23r3lson", "fields": {"session_data": ".eJxVjMsOwiAQRf-FtSEwfUGX7v0GMgyjRQ00pU00xn9Xki50e8-55yUcbuvktsKLi0GMQovD7-aRbpwqCFdMlywpp3WJXlZF7rTIUw58P-7uX2DCMn3fSABITLZpAijPxmhDljQgnxVo9hY7E8zgu77jwTaKQRMF1bcDeMNtjRYuJebk-DHH5SlG9f4Aqck_Zw:1oDyVJ:hmfbXEZJEHBMvW7rF6e2EIxEXeuRhf7-Bmlp4Eb7G78", "expire_date": "2022-08-03T01:27:57.286Z"}}, {"model": "sessions.session", "pk": "lomokaib95yp0zv8a7qg6xyrxx7ljivh", "fields": {"session_data": "eyJjYXJ0Ijp7IjEiOjF9fQ:1oNycl:4JlQH7s6g7DKWyV8CA1As4gVxm58eGyv2br3HyotBDo", "expire_date": "2022-08-30T15:36:59.890Z"}}, {"model": "sessions.session", "pk": "p5q7o9c4rm5uo8zyzkxhrogwbvph5dbt", "fields": {"session_data": ".eJxVjDEOgzAQBP9ydWTZZ8A2ZXreYJ3Pl0ASgWSgQvw9INHQzszuBkxlgXYDA63dHxBpXfq4zlLikKE98I0l4q-Mp8gfGt-T4mlcypDUmajLzqqbsvyeV3s76GnujzUxIrFwsDajTuK98RzYIMlLo5EUqPbZu1Q3tbhgtaBhzrqpHCYvFex_7Ww8WA:1oNEuq:N0UjYSIYYHZGDcBv8zp-qPnO5OoRyJTNFTEneO7Rz-Y", "expire_date": "2022-08-28T14:48:36.467Z"}}, {"model": "sessions.session", "pk": "q6dwd5wxnzkarnnyxora74sv2gf2frwi", "fields": {"session_data": "eyJjYXJ0Ijp7IjEiOjF9fQ:1oNdZe:EG4OX23tfRtn-iKIJjQUqzDw6focSxTaYNT5dy6rawI", "expire_date": "2022-08-29T17:08:22.108Z"}}, {"model": "sessions.session", "pk": "r3l91psgmxdlus5hqw1j08espvoweh7c", "fields": {"session_data": ".eJxVjjsOgzAQRO-yNbLsBeNPmT5nQOv1JpBEIPGpEHePkSiSbjTzZjQ7dLStfbctMndDhggGql8vEb9lPIP8ovE5KZ7GdR6SOhF1pYu6T1k-t4v9G-hp6UubGJFYONR1Rp3Ee-M5sEGSh0YjKZD12btkWysu1FrQMGfdNg6Tl6aMMs0rxL08jKaCFqKtwBWtj-MLfeo-rQ:1oJdQ8:HsXG2lZ4nqOrTDVJoFsfa_CI-v_CS0QFGILYgncg37k", "expire_date": "2022-08-18T16:10:00.567Z"}}, {"model": "sessions.session", "pk": "tnm1ngutcthm1uv7zrf0663kakcrcsdl", "fields": {"session_data": "eyJjYXJ0Ijp7IjIiOjIsIjgiOjMsIjYiOjV9fQ:1oMDO4:zT_ctXZ76iUntIPVhR8g_jj03HwZWahx_-rmMrZDYEs", "expire_date": "2022-08-25T18:58:32.385Z"}}, {"model": "sessions.session", "pk": "uyka0krbcldhixhidqytdiy4fengtxo5", "fields": {"session_data": "e30:1oNdiJ:93-tZh5yVe1ADwEtxX2PMMh94iA7O0QWMe3yCgri48I", "expire_date": "2022-08-29T17:17:19.747Z"}}, {"model": "sessions.session", "pk": "vk84he39q1xhqrm13i4uwfv9dv2h15at", "fields": {"session_data": "e30:1oNdcH:r3aNEhu8zAYGpWklKkGvhu_ecIGOcL1uiOWghdZMmN4", "expire_date": "2022-08-29T17:11:05.204Z"}}, {"model": "sessions.session", "pk": "xetvaeczvt3p5qt59wwi35yc6oubzwqk", "fields": {"session_data": ".eJyFj81Kw0AUhV_lMusQJpOmSbpTcCkILkSaEm7u3CZT0xnJZMQqvrsTaBbd6Pb8fIfzLdoze489e7ET-30j2vbknV3VRiQgE1BFAo14dQEG_GDwpreswYU5bcQhgb9rz4Eoyscwjpe1aiygB9RnY_9ByHUZJwbWZja2h5cwjWb-4in68g4eRqZ5MgRPBq2LvINIRIthHtrgeWqNjueyW61DemO7GPqEtncpORsZXbpE0qvr00eneby_Zm8AA_ohtpGUQmKq81wr2XFVZRXVlCnko1QZdzUWla7KrtgWXNa5ZJURabndlKqreLNAfbxs4nX-fDfTRezkzy-wGoYU:1oO5c7:ro8NlcG5myR2FMjO_q8J82FKxu1C85E1-kARJKtkwTs", "expire_date": "2022-08-30T23:04:47.202Z"}}, {"model": "sessions.session", "pk": "yao44njds1694b3jwbyspbaztyh74be3", "fields": {"session_data": ".eJx9jz1vwyAYhP8KYkbINsQfGbt36lTFEXp5AZvUgcqYqlHV_14sJUOWrnf3nO5-qLralGCyiR7p6TRSpS4phoc6UkYqRpoDIyN9j5nM8GVJ8lOwhsS88ZGeGfkfe8uIRXZ5WW4P1AcCiYC5-rBXnCmjCvI2q5zsqrwpY-pnTQN-2LAb5gJhihxj2Fav-R7hdzfx12js8nLPPhXMkOZCQ4-ya1qnwVQDyrq1gK5Ha8TQa3S6FlJ3nTsM2Eqj-1oaUQ3Qdo2QAtB0e2kqd3x5a78__Xqjx-r3DzHEbG8:1oP4rJ:7CKGHc2QzmjfDfOEablyQCv-h_fyd4eor1o9uHSX-78", "expire_date": "2022-09-02T16:28:33.148Z"}}, {"model": "sites.site", "pk": 1, "fields": {"domain": "pianos-r-us.example.com", "name": "Pianos-R-Us"}}, {"model": "account.emailaddress", "pk": 1, "fields": {"user": 1, "email": "admin@gmail.com", "verified": true, "primary": true}}, {"model": "account.emailaddress", "pk": 2, "fields": {"user": 2, "email": "user@gmail.com", "verified": true, "primary": true}}, {"model": "products.category", "pk": 1, "fields": {"name": "pianos", "friendly_name": "Pianos"}}, {"model": "products.category", "pk": 2, "fields": {"name": "keyboards", "friendly_name": "Keyboards"}}, {"model": "products.category", "pk": 3, "fields": {"name": "piano_stools", "friendly_name": "Piano Stools"}}, {"model": "products.category", "pk": 4, "fields": {"name": "music_books", "friendly_name": "Music Books"}}, {"model": "products.category", "pk": 5, "fields": {"name": "beginner_books", "friendly_name": "Beginner Books"}}, {"model": "products.category", "pk": 6, "fields": {"name": "intermediate_books", "friendly_name": "Intermediate Books"}}, {"model": "products.category", "pk": 7, "fields": {"name": "advanced_books", "friendly_name": "Advanced Books"}}, {"model": "products.product", "pk": 1, "fields": {"category": 1, "sku": "pp5001340155", "name": "Wurlitzer 200A Electric Piano", "keyboard_size": 88, "description": "Straight from the '70s, the Wurlitzer 200A electric piano provided an update to the original model 200 with a new and improved amplifier circuit, complete with speaker. If you like the Wurlitzer 200, the 200A is a great pick -- the action and reeds are completely the same, with only the improved circuit differentiating the two. Who wouldn't want the best of something already great?", "price": "5990.00", "rating": "0.00", "image_url": "https://soundgas.com/wp-content/uploads/2020/12/Wurlitzer-Model-200-Electric-Piano-SN72352L-Cover-2.jpg", "image": "wurlitzer-product-image.jpg"}}, {"model": "products.product", "pk": 2, "fields": {"category": 1, "sku": "pp5001347896", "name": "Thomann DP-95 B", "keyboard_size": 0, "description": "The DP-95 combines the classic functions of a digital piano – such as high-quality grand piano sounds, a hammer action keyboard with weighted keys, and an integrated metronome – with the huge range of sounds that you would expect from an entertainer keyboard. A full 500 rich timbres and 200 rhythms ensure that boredom won’t ever set in. The rhythms invite you to jam, offering a great variety for practising. And if you want to, the DP-95 will help you become an entertainer within your own four walls and a star at every party. The four powerful speakers won't disappoint your ears, either. However, if you wish, the DP-95 can also do things quietly: It features two headphone outputs to ensure that practising even late at night is no problem.", "price": "589.00", "rating": null, "image_url": null, "image": "thomann-b-image.jpg"}}, {"model": "products.product", "pk": 3, "fields": {"category": 1, "sku": "pp5001901463", "name": "Thomann DP-95 WH", "keyboard_size": 0, "description": "The DP-95 combines the classic functions of a digital piano – such as high-quality grand piano sounds, a hammer action keyboard with weighted keys, and an integrated metronome – with the huge range of sounds that you would expect from an entertainer keyboard. A full 500 rich timbres and 200 rhythms ensure that boredom won’t ever set in. The rhythms invite you to jam, offering a great variety for practising. And if you want to, the DP-95 will help you become an entertainer within your own four walls and a star at every party. The four powerful speakers won't disappoint your ears, either. However, if you wish, the DP-95 can also do things quietly: It features two headphone outputs to ensure that practising even late at night is no problem.", "price": "589.00", "rating": null, "image_url": null, "image": "thomann-wh-image.jpg"}}, {"model": "products.product", "pk": 4, "fields": {"category": 2, "sku": "pp5002372059", "name": "Startone MK-400", "keyboard_size": 0, "description": "The extensive range of sounds and rhythms offers every beginner a wide range of options for practising. These are complemented by the clear control panel with a rotary knob for the volume and the selection of sounds and songs. Unlike a weighted hammer keyboard, the MK-400's keyboard is easy to play thanks to its low resistance. What is more, you can connect a microphone in addition to a sustain pedal, so you can sing along while playing. Weighing around five kilos, the keyboard is easy to transport - and can even be operated without a mains connection using AA batteries. Thanks to the headphone output, you can also practise late at night and don't always have to rely on the two 15 W speakers. With the USB port, MIDI data can be sent to a computer and projects can be saved on an SD card.", "price": "166.00", "rating": null, "image_url": null, "image": "startone-400-image.jpg"}}, {"model": "products.product", "pk": 5, "fields": {"category": 2, "sku": "pp5002536897", "name": "Thomann SP-5600", "keyboard_size": 0, "description": "The Thoman SP-5600 is both: A digital piano as well as an entertainer’s keyboard. Its keys feature a real hammer action mechanism, which provides a playing feel that is close to that of an acoustic piano and also makes it suitable for piano lessons. Unlike many traditional digital pianos, which usually offer just a small range of sounds, the SP-5600 provides a whole library of 600 presets that are available at the touch of a button. What's more, the 230 integrated rhythms will ensure you have fun while practising and a blast at every party.", "price": "399.00", "rating": null, "image_url": null, "image": "thomann-sp-image.jpg"}}, {"model": "products.product", "pk": 6, "fields": {"category": 3, "sku": "pp5012536987", "name": "Adjustable Keyboard / Piano Bench", "keyboard_size": 0, "description": "Looking for a piano stool you can rely on? The adjustable keyboard/piano bench by Gear4music is the ultimate bench for touring musicians. With a max load capacity of 110kg, you can be sure that the Gear4music piano stool will hold you steady.\r\n\r\nHeight doesn't matter. With three different bench heights to choose from, you'll easily be able to find your comfortable playing position - even over long periods of time. And when not in use, the piano stool easily and conveniently folds flat.\r\n\r\nComfort is key. This is why the Gear4music adjustable piano stool has a soft leatherette top with plenty of padding. Boasting an all-black design, the keyboard bench will complement any environment - stage or home. The bench even includes rubber foot ends to ensure your floor doesn't get scratched.\r\n\r\nSpecifications:\r\nCushion Dimensions: 410mm x 310mm\r\nMax. Load Capacity: 110kg\r\nHeight: 450mm/480/500mm\r\nFinish: Black", "price": "27.99", "rating": null, "image_url": null, "image": "adjustable-piano-stool-image.jpg"}}, {"model": "products.product", "pk": 7, "fields": {"category": 5, "sku": "pp5012336105", "name": "Piano Time 1", "keyboard_size": 0, "description": "Piano Time 1 starts at the very beginning, with simple five-finger tunes for hands separately and together, many with duet parts. It gradually adds more notes and techniques to cover sharps and flats, simple scales and keys, and a range of dynamics and symbols.", "price": "9.95", "rating": null, "image_url": null, "image": "piano-time-image.jpg"}}, {"model": "products.product", "pk": 8, "fields": {"category": 6, "sku": "pp5022379076", "name": "65 Famous Pieces of Classical Music for Solo Piano Volume II: Bach, Beethoven, Chopin, Lizst, Haydn, Mozart, Schubert, Tchaikovsky and More (Music Masterpiece Library: Classical Piano Sheet Music)", "keyboard_size": 0, "description": "This, our second anthology of famous classical piano solos, contains some of the most influential and popular works by the great composers of western music: Bach, Haydn, Rameau, Mozart, Beethoven, Boccherini, Schubert, Schumann, Gossec, Brahms, Tchaikovsky, Chopin, Dvořák, Fauré, Field, Franck, Lyadov, Liszt, Rimsky-Korsakov, Rebikov, Grieg, Albéniz, Bartók, and Saint-Saëns.\r\n\r\nIncludes beloved pieces appropriate for all levels--beginner, intermediate, and advanced; including Schubert's Serenade and Ave Maria, Brahms' Hungarian Dance No 5, Chopin's Fantaisie-Impromptu, Saint-Saëns' The Swan, and much more!", "price": "14.95", "rating": null, "image_url": null, "image": "music-masterpiece-image.jpg"}}, {"model": "products.product", "pk": 9, "fields": {"category": 7, "sku": "pp5007682476", "name": "Classical Piano Sheet Music | 60 Famous Solos | Composed By: Mozart, Chopin, Beethoven, Bach, Schubert, Brahms, Tchaikovsky, Rachmaninoff, Debussy, ... Scriabin, Liszt, Vivaldi, Grieg and More", "keyboard_size": 0, "description": "Looking for your favorite piano pieces? In this classical music piano book, you will find piano sheet music for 60 different piano masterpieces. These classical piano music sheets range from intermediate piano music to advanced. If you’ve mastered simple classical piano pieces and you’re ready for that next step, this book will be the perfect fit for you.", "price": "14.97", "rating": null, "image_url": null, "image": "classical-piano-songs-image.jpg"}}, {"model": "products.review", "pk": 1, "fields": {"product": 1, "name": "Admin", "review_text": "I loved it!", "date_created": "2022-08-18T22:03:56.528Z", "approved_reviews": true}}, {"model": "products.review", "pk": 2, "fields": {"product": 3, "name": "", "review_text": "kjnknknkjn", "date_created": "2022-08-18T22:09:18.954Z", "approved_reviews": false}}, {"model": "products.review", "pk": 3, "fields": {"product": 1, "name": "", "review_text": "I liked it!", "date_created": "2022-08-18T22:09:34.539Z", "approved_reviews": false}}, {"model": "products.review", "pk": 4, "fields": {"product": 1, "name": "admin", "review_text": "i didn;t like it", "date_created": "2022-08-18T22:22:55.680Z", "approved_reviews": false}}, {"model": "products.review", "pk": 5, "fields": {"product": 1, "name": "admin", "review_text": "I loved the item", "date_created": "2022-08-19T11:04:54.657Z", "approved_reviews": true}}, {"model": "checkout.checkout", "pk": 1, "fields": {"user_account": null, "full_name": "Keeg", "phone_number": "123123123", "email_address": "keeganw749@gmail.com", "city": "aegrfsdsg", "country": "dasfagfaf", "street_address_1": "dgszfgsg", "street_address_2": null, "county": null, "postal_address": "12345", "order_id": "F97C21D3D1374AD4B460BADEA8599442", "checkout_date": "2022-08-14T15:10:42.167Z", "delivery_cost": "0.00", "order_total_cost": "0.00", "grand_total": "1767.00", "original_cart": "original_cart", "stripe_pid": ""}}, {"model": "checkout.checkout", "pk": 2, "fields": {"user_account": null, "full_name": "Keeg", "phone_number": "123123123", "email_address": "keeganw749@gmail.com", "city": "aegrfsdsg", "country": "dasfagfaf", "street_address_1": "dgszfgsg", "street_address_2": null, "county": null, "postal_address": "12345", "order_id": "208E185143F144E8920638631BE110EF", "checkout_date": "2022-08-14T18:10:28.003Z", "delivery_cost": "0.00", "order_total_cost": "0.00", "grand_total": "0.00", "original_cart": "original_cart", "stripe_pid": ""}}, {"model": "checkout.checkout", "pk": 3, "fields": {"user_account": null, "full_name": "Keegan Waters", "phone_number": "123123123", "email_address": "keeganw749@gmail.com", "city": "aegrfsdsg", "country": "dasfagfaf", "street_address_1": "dgszfgsg", "street_address_2": null, "county": null, "postal_address": "12345", "order_id": "DCBC0FCAC24A4A34BE004E28D8355F77", "checkout_date": "2022-08-14T18:38:02.116Z", "delivery_cost": "0.00", "order_total_cost": "0.00", "grand_total": "0.00", "original_cart": "original_cart", "stripe_pid": ""}}, {"model": "checkout.checkout", "pk": 4, "fields": {"user_account": null, "full_name": "Keegan Waters", "phone_number": "123123123", "email_address": "keeganw749@gmail.com", "city": "aegrfsdsg", "country": "US", "street_address_1": "dgszfgsg", "street_address_2": null, "county": null, "postal_address": "12345", "order_id": "0DFE596378904B0292D63496F2135E7C", "checkout_date": "2022-08-15T00:51:41.643Z", "delivery_cost": "0.00", "order_total_cost": "0.00", "grand_total": "0.00", "original_cart": "original_cart", "stripe_pid": ""}}, {"model": "checkout.checkout", "pk": 5, "fields": {"user_account": null, "full_name": "Keegan Waters", "phone_number": "123123123", "email_address": "keeganw749@gmail.com", "city": "aegrfsdsg", "country": "US", "street_address_1": "dgszfgsg", "street_address_2": null, "county": null, "postal_address": "12345", "order_id": "80D57D38AF02489FA6D64EB8D520571C", "checkout_date": "2022-08-15T01:06:03.894Z", "delivery_cost": "0.00", "order_total_cost": "0.00", "grand_total": "0.00", "original_cart": "original_cart", "stripe_pid": ""}}, {"model": "checkout.checkout", "pk": 6, "fields": {"user_account": null, "full_name": "Keeg", "phone_number": "123123123", "email_address": "keeganw749@gmail.com", "city": "aegrfsdsg", "country": "AF", "street_address_1": "dgszfgsg", "street_address_2": null, "county": "adsa", "postal_address": "12345", "order_id": "60A7CC8E407644E982F89BF3AFA4175F", "checkout_date": "2022-08-16T04:55:13.071Z", "delivery_cost": "0.00", "order_total_cost": "0.00", "grand_total": "0.00", "original_cart": "", "stripe_pid": ""}}, {"model": "checkout.checkout", "pk": 7, "fields": {"user_account": null, "full_name": "Keeg", "phone_number": "123123123", "email_address": "keeganw749@gmail.com", "city": "asdad", "country": "BD", "street_address_1": "asdaad", "street_address_2": "asdas", "county": "asda", "postal_address": "12345", "order_id": "8D9D80BBECDC4D58A48BC187F730FFAE", "checkout_date": "2022-08-16T14:40:56.555Z", "delivery_cost": "0.00", "order_total_cost": "0.00", "grand_total": "0.00", "original_cart": "{\"2\": 1}", "stripe_pid": "pi_3LXQwPI31Ly6KbPU0tl5CtAK"}}, {"model": "checkout.checkout", "pk": 8, "fields": {"user_account": null, "full_name": "Keeg", "phone_number": "123123123", "email_address": "keeganw749@gmail.com", "city": "asdad", "country": "BD", "street_address_1": "asdaad", "street_address_2": "asdas", "county": "asda", "postal_address": "12345", "order_id": "D3B42FDF201E431DA05E642678178B71", "checkout_date": "2022-08-16T14:46:35.185Z", "delivery_cost": "0.00", "order_total_cost": "0.00", "grand_total": "589.00", "original_cart": "{\"2\": 1}", "stripe_pid": "pi_3LXQwPI31Ly6KbPU0tl5CtAK"}}, {"model": "checkout.checkout", "pk": 9, "fields": {"user_account": null, "full_name": "Keeg", "phone_number": "123123123", "email_address": "keeganw749@gmail.com", "city": "asdad", "country": "BD", "street_address_1": "asdaad", "street_address_2": "asdas", "county": "asda", "postal_address": "12345", "order_id": "66B258E03B894AFCAF011C732D88AB19", "checkout_date": "2022-08-16T14:48:46.063Z", "delivery_cost": "0.00", "order_total_cost": "0.00", "grand_total": "589.00", "original_cart": "{\"2\": 1}", "stripe_pid": "pi_3LXQwPI31Ly6KbPU0tl5CtAK"}}, {"model": "checkout.checkout", "pk": 10, "fields": {"user_account": null, "full_name": "Keeg", "phone_number": "123123123", "email_address": "keeganw749@gmail.com", "city": "asdad", "country": "BD", "street_address_1": "asdaad", "street_address_2": "asdas", "county": "asda", "postal_address": "12345", "order_id": "FEFEBE89B2D246B896C731D9128E5CDB", "checkout_date": "2022-08-16T14:57:29.754Z", "delivery_cost": "0.00", "order_total_cost": "0.00", "grand_total": "589.00", "original_cart": "{\"2\": 1}", "stripe_pid": "pi_3LXQwPI31Ly6KbPU0tl5CtAK"}}, {"model": "checkout.checkout", "pk": 11, "fields": {"user_account": null, "full_name": "Keeg", "phone_number": "123123123", "email_address": "keeganw749@gmail.com", "city": "asdad", "country": "BD", "street_address_1": "asdaad", "street_address_2": "asdas", "county": "asda", "postal_address": "12345", "order_id": "6B81364A5B6F4ED7941969679DB3A79A", "checkout_date": "2022-08-16T14:59:47.069Z", "delivery_cost": "0.00", "order_total_cost": "0.00", "grand_total": "589.00", "original_cart": "{\"2\": 1}", "stripe_pid": "pi_3LXQwPI31Ly6KbPU0tl5CtAK"}}, {"model": "checkout.checkout", "pk": 12, "fields": {"user_account": null, "full_name": "Keeg", "phone_number": "123123123", "email_address": "keeganw749@gmail.com", "city": "asdad", "country": "BD", "street_address_1": "asdaad", "street_address_2": "asdas", "county": "asda", "postal_address": "12345", "order_id": "E25BB087BAA14C79B63D830BDE6B6F24", "checkout_date": "2022-08-16T15:00:58.958Z", "delivery_cost": "0.00", "order_total_cost": "0.00", "grand_total": "589.00", "original_cart": "{\"2\": 1}", "stripe_pid": "pi_3LXQwPI31Ly6KbPU0tl5CtAK"}}, {"model": "checkout.checkout", "pk": 13, "fields": {"user_account": null, "full_name": "Keeg", "phone_number": "123123123", "email_address": "keeganw749@gmail.com", "city": "asdad", "country": "BD", "street_address_1": "asdaad", "street_address_2": "asdas", "county": "asda", "postal_address": "12345", "order_id": "D851779FF8EA451A923E80CE60BDA750", "checkout_date": "2022-08-16T15:01:45.811Z", "delivery_cost": "0.00", "order_total_cost": "0.00", "grand_total": "589.00", "original_cart": "{\"2\": 1}", "stripe_pid": "pi_3LXQwPI31Ly6KbPU0tl5CtAK"}}, {"model": "checkout.checkout", "pk": 14, "fields": {"user_account": null, "full_name": "Keeg", "phone_number": "123123123", "email_address": "keeganw749@gmail.com", "city": "asdad", "country": "BD", "street_address_1": "asdaad", "street_address_2": "asdas", "county": "asda", "postal_address": "12345", "order_id": "69615E8EF8BA4E6FB9B276C510D75F79", "checkout_date": "2022-08-16T15:01:49.741Z", "delivery_cost": "0.00", "order_total_cost": "0.00", "grand_total": "589.00", "original_cart": "{\"2\": 1}", "stripe_pid": "pi_3LXQwPI31Ly6KbPU0tl5CtAK"}}, {"model": "checkout.checkout", "pk": 15, "fields": {"user_account": null, "full_name": "Keeg", "phone_number": "123123123", "email_address": "keeganw749@gmail.com", "city": "asdad", "country": "BD", "street_address_1": "asdaad", "street_address_2": "asdas", "county": "asda", "postal_address": "12345", "order_id": "D99AAF4443114BA78797779E2CE6E465", "checkout_date": "2022-08-16T15:07:21.245Z", "delivery_cost": "0.00", "order_total_cost": "0.00", "grand_total": "589.00", "original_cart": "{\"2\": 1}", "stripe_pid": "pi_3LXQwPI31Ly6KbPU0tl5CtAK"}}, {"model": "checkout.checkout", "pk": 16, "fields": {"user_account": null, "full_name": "Keeg", "phone_number": "123123123", "email_address": "keeganw749@gmail.com", "city": "asdad", "country": "BD", "street_address_1": "asdaad", "street_address_2": "asdas", "county": "asda", "postal_address": "12345", "order_id": "FFC99F0A179D48C8AA0D056BCD549C1D", "checkout_date": "2022-08-16T15:07:56.735Z", "delivery_cost": "0.00", "order_total_cost": "0.00", "grand_total": "589.00", "original_cart": "{\"2\": 1}", "stripe_pid": "pi_3LXQwPI31Ly6KbPU0tl5CtAK"}}, {"model": "checkout.checkout", "pk": 17, "fields": {"user_account": null, "full_name": "Keeg", "phone_number": "123123123", "email_address": "keeganw749@gmail.com", "city": "asdad", "country": "BD", "street_address_1": "asdaad", "street_address_2": "asdas", "county": "asda", "postal_address": "12345", "order_id": "933C5C1702A545018F6F2CAD91DE650E", "checkout_date": "2022-08-16T15:14:01.274Z", "delivery_cost": "0.00", "order_total_cost": "0.00", "grand_total": "589.00", "original_cart": "{\"2\": 1}", "stripe_pid": "pi_3LXQwPI31Ly6KbPU0tl5CtAK"}}, {"model": "checkout.checkout", "pk": 18, "fields": {"user_account": null, "full_name": "Keeg", "phone_number": "123123123", "email_address": "keeganw749@gmail.com", "city": "asdad", "country": "BD", "street_address_1": "asdaad", "street_address_2": "asdas", "county": "asda", "postal_address": "12345", "order_id": "E88A023A56D34DB8A962174933A085CD", "checkout_date": "2022-08-16T15:19:57.880Z", "delivery_cost": "0.00", "order_total_cost": "0.00", "grand_total": "589.00", "original_cart": "{\"2\": 1}", "stripe_pid": "pi_3LXQwPI31Ly6KbPU0tl5CtAK"}}, {"model": "checkout.checkout", "pk": 19, "fields": {"user_account": null, "full_name": "Keeg", "phone_number": "123123123", "email_address": "keeganw749@gmail.com", "city": "asdad", "country": "BD", "street_address_1": "asdaad", "street_address_2": "asdas", "county": "asda", "postal_address": "12345", "order_id": "6FF1A8A3EAA04C1CA5CD3722F0840BA7", "checkout_date": "2022-08-16T15:20:56.189Z", "delivery_cost": "0.00", "order_total_cost": "0.00", "grand_total": "589.00", "original_cart": "{\"2\": 1}", "stripe_pid": "pi_3LXQwPI31Ly6KbPU0tl5CtAK"}}, {"model": "checkout.checkout", "pk": 20, "fields": {"user_account": null, "full_name": "Keeg", "phone_number": "123123123", "email_address": "keeganw749@gmail.com", "city": "asdad", "country": "BD", "street_address_1": "asdaad", "street_address_2": "asdas", "county": "asda", "postal_address": "12345", "order_id": "9E472760A9974DECBFE4EB4D92A1B5DE", "checkout_date": "2022-08-16T15:24:55.975Z", "delivery_cost": "0.00", "order_total_cost": "0.00", "grand_total": "0.00", "original_cart": "{\"2\": 1}", "stripe_pid": "pi_3LXRd1I31Ly6KbPU1DkHclNX"}}, {"model": "checkout.checkout", "pk": 21, "fields": {"user_account": null, "full_name": "Keeg", "phone_number": "123123123", "email_address": "keeganw749@gmail.com", "city": "asdad", "country": "BD", "street_address_1": "asdaad", "street_address_2": "asdas", "county": "asda", "postal_address": "12345", "order_id": "70C1EB79C3FA41A584964CC374332261", "checkout_date": "2022-08-16T15:25:16.191Z", "delivery_cost": "0.00", "order_total_cost": "0.00", "grand_total": "589.00", "original_cart": "{\"2\": 1}", "stripe_pid": "pi_3LXRd1I31Ly6KbPU1DkHclNX"}}, {"model": "checkout.checkout", "pk": 22, "fields": {"user_account": null, "full_name": "Keeg", "phone_number": "123123123", "email_address": "keeganw749@gmail.com", "city": "asdad", "country": "BD", "street_address_1": "asdaad", "street_address_2": "asdas", "county": "asda", "postal_address": "12345", "order_id": "026119BA9B2D42D79E59AC8D120A3E0E", "checkout_date": "2022-08-16T15:34:51.682Z", "delivery_cost": "0.00", "order_total_cost": "0.00", "grand_total": "589.00", "original_cart": "{\"2\": 1}", "stripe_pid": "pi_3LXQwPI31Ly6KbPU0tl5CtAK"}}, {"model": "checkout.checkout", "pk": 23, "fields": {"user_account": null, "full_name": "Keeg", "phone_number": "123123123", "email_address": "keeganw749@gmail.com", "city": "asdad", "country": "BD", "street_address_1": "asdaad", "street_address_2": "asdas", "county": "asda", "postal_address": "12345", "order_id": "D10FF53D27C044C9B45A6497120F7C89", "checkout_date": "2022-08-16T15:38:12.504Z", "delivery_cost": "0.00", "order_total_cost": "0.00", "grand_total": "0.00", "original_cart": "{\"2\": 1}", "stripe_pid": "pi_3LXQwPI31Ly6KbPU0tl5CtAK"}}, {"model": "checkout.checkout", "pk": 24, "fields": {"user_account": null, "full_name": "test", "phone_number": "0000000", "email_address": "a@a.com", "city": "abc", "country": "AF", "street_address_1": "123", "street_address_2": null, "county": null, "postal_address": "000", "order_id": "73314ABA8E604A069536B4DA0F554C61", "checkout_date": "2022-08-16T15:38:37.228Z", "delivery_cost": "0.00", "order_total_cost": "0.00", "grand_total": "5990.00", "original_cart": "{\"1\": 1}", "stripe_pid": "pi_3LXRpGI31Ly6KbPU1nDE2ASU"}}, {"model": "checkout.checkout", "pk": 25, "fields": {"user_account": null, "full_name": "Keeg", "phone_number": "123123123", "email_address": "keeganw749@gmail.com", "city": "asdad", "country": "BD", "street_address_1": "asdaad", "street_address_2": "asdas", "county": "asda", "postal_address": "12345", "order_id": "28E5CB726F6040838F0DF1B4CB5F7239", "checkout_date": "2022-08-16T15:47:02.200Z", "delivery_cost": "0.00", "order_total_cost": "0.00", "grand_total": "589.00", "original_cart": "{\"2\": 1}", "stripe_pid": "pi_3LXQwPI31Ly6KbPU0tl5CtAK"}}, {"model": "checkout.checkout", "pk": 26, "fields": {"user_account": null, "full_name": "Keeg", "phone_number": "123123123", "email_address": "keeganw749@gmail.com", "city": "asdad", "country": "BD", "street_address_1": "asdaad", "street_address_2": "asdas", "county": "asda", "postal_address": "12345", "order_id": "0531F1206BA541DE89C91C6C33C5FC65", "checkout_date": "2022-08-16T15:47:48.422Z", "delivery_cost": "0.00", "order_total_cost": "0.00", "grand_total": "589.00", "original_cart": "{\"2\": 1}", "stripe_pid": "pi_3LXQwPI31Ly6KbPU0tl5CtAK"}}, {"model": "checkout.checkout", "pk": 27, "fields": {"user_account": null, "full_name": "Keeg", "phone_number": "123123123", "email_address": "keeganw749@gmail.com", "city": "asdad", "country": "BD", "street_address_1": "asdaad", "street_address_2": "asdas", "county": "asda", "postal_address": "12345", "order_id": "EF2C449525F842D9B6C13C38FDAE0F2F", "checkout_date": "2022-08-16T15:48:25.424Z", "delivery_cost": "0.00", "order_total_cost": "0.00", "grand_total": "589.00", "original_cart": "{\"2\": 1}", "stripe_pid": "pi_3LXQwPI31Ly6KbPU0tl5CtAK"}}, {"model": "checkout.checkout", "pk": 28, "fields": {"user_account": null, "full_name": "Keeg", "phone_number": "123123123", "email_address": "keeganw749@gmail.com", "city": "asdad", "country": "BD", "street_address_1": "asdaad", "street_address_2": "asdas", "county": "asda", "postal_address": "12345", "order_id": "EB4C45FCA14942068AFCBC4501D01C73", "checkout_date": "2022-08-16T15:48:38.471Z", "delivery_cost": "0.00", "order_total_cost": "0.00", "grand_total": "589.00", "original_cart": "{\"2\": 1}", "stripe_pid": "pi_3LXQwPI31Ly6KbPU0tl5CtAK"}}, {"model": "checkout.checkout", "pk": 29, "fields": {"user_account": null, "full_name": "Keeg", "phone_number": "123123123", "email_address": "keeganw749@gmail.com", "city": "asdad", "country": "BD", "street_address_1": "asdaad", "street_address_2": "asdas", "county": "asda", "postal_address": "12345", "order_id": "9EECCC4F4DB642639F7B96445E0EBFA8", "checkout_date": "2022-08-16T15:48:50.335Z", "delivery_cost": "0.00", "order_total_cost": "0.00", "grand_total": "589.00", "original_cart": "{\"2\": 1}", "stripe_pid": "pi_3LXQwPI31Ly6KbPU0tl5CtAK"}}, {"model": "checkout.checkout", "pk": 30, "fields": {"user_account": null, "full_name": "Keeg", "phone_number": "123123123", "email_address": "keeganw749@gmail.com", "city": "asdad", "country": "BD", "street_address_1": "asdaad", "street_address_2": "asdas", "county": "asda", "postal_address": "12345", "order_id": "2AADCC08E6734130ABAABC5097C3D570", "checkout_date": "2022-08-16T15:50:23.950Z", "delivery_cost": "0.00", "order_total_cost": "0.00", "grand_total": "589.00", "original_cart": "{\"2\": 1}", "stripe_pid": "pi_3LXQwPI31Ly6KbPU0tl5CtAK"}}, {"model": "checkout.checkout", "pk": 31, "fields": {"user_account": null, "full_name": "Keeg", "phone_number": "123123123", "email_address": "keeganw749@gmail.com", "city": "asdad", "country": "BD", "street_address_1": "asdaad", "street_address_2": "asdas", "county": "asda", "postal_address": "12345", "order_id": "57829A5EE2AD4F748C059E661DCBD373", "checkout_date": "2022-08-16T15:50:40.565Z", "delivery_cost": "0.00", "order_total_cost": "0.00", "grand_total": "589.00", "original_cart": "{\"2\": 1}", "stripe_pid": "pi_3LXQwPI31Ly6KbPU0tl5CtAK"}}, {"model": "checkout.checkout", "pk": 32, "fields": {"user_account": 2, "full_name": "Keeg", "phone_number": "123123123", "email_address": "keeganw749@gmail.com", "city": "asdad", "country": "BD", "street_address_1": "asdaad", "street_address_2": "asdas", "county": "asda", "postal_address": "12345", "order_id": "DA3B9BCE02A64AE19C2A6DB43C344571", "checkout_date": "2022-08-16T15:51:30.270Z", "delivery_cost": "0.00", "order_total_cost": "0.00", "grand_total": "589.00", "original_cart": "{\"2\": 1}", "stripe_pid": "pi_3LXQwPI31Ly6KbPU0tl5CtAK"}}, {"model": "checkout.checkout", "pk": 33, "fields": {"user_account": 2, "full_name": "Keegan Waters", "phone_number": "123123123", "email_address": "keeganw749@gmail.com", "city": "asdad", "country": "BD", "street_address_1": "asdaad", "street_address_2": "asdas", "county": "asda", "postal_address": "12345", "order_id": "F49ECE3C89D6423DA5B664BD6C2CF57C", "checkout_date": "2022-08-16T16:37:49.398Z", "delivery_cost": "0.00", "order_total_cost": "0.00", "grand_total": "27.99", "original_cart": "{\"6\": 1}", "stripe_pid": "pi_3LXSljI31Ly6KbPU12NCKBwY"}}, {"model": "checkout.checkout", "pk": 34, "fields": {"user_account": 2, "full_name": "Keeg", "phone_number": "123123123", "email_address": "keeganw749@gmail.com", "city": "asdad", "country": "BD", "street_address_1": "asdaad", "street_address_2": "asdas", "county": "asda", "postal_address": "12345", "order_id": "D838393F438747F8B0F1F90BDB8FE11C", "checkout_date": "2022-08-16T17:08:03.325Z", "delivery_cost": "0.00", "order_total_cost": "0.00", "grand_total": "27.99", "original_cart": "{\"6\": 1}", "stripe_pid": "pi_3LXTEuI31Ly6KbPU1V0IkR9Q"}}, {"model": "checkout.checkout", "pk": 35, "fields": {"user_account": 1, "full_name": "Keegan Waters", "phone_number": "123123123", "email_address": "keeganw749@gmail.com", "city": "adskad", "country": "DZ", "street_address_1": "fsdfsf", "street_address_2": null, "county": null, "postal_address": "12345", "order_id": "649F82377E5E4051BB9F2D84A8F25331", "checkout_date": "2022-08-19T11:14:21.796Z", "delivery_cost": "0.00", "order_total_cost": "0.00", "grand_total": "6032.94", "original_cart": "{\"1\": 1, \"6\": 1, \"8\": 1}", "stripe_pid": "pi_3LYT94I31Ly6KbPU0ThFnLOv"}}, {"model": "checkout.lineitems", "pk": 1, "fields": {"checkout": 1, "product": 3, "quantity": 2, "number_of_keys": null, "lineitem_total": "1178.00"}}, {"model": "checkout.lineitems", "pk": 3, "fields": {"checkout": 1, "product": 2, "quantity": 1, "number_of_keys": null, "lineitem_total": "589.00"}}, {"model": "checkout.lineitems", "pk": 5, "fields": {"checkout": 8, "product": 2, "quantity": 1, "number_of_keys": null, "lineitem_total": "589.00"}}, {"model": "checkout.lineitems", "pk": 6, "fields": {"checkout": 9, "product": 2, "quantity": 1, "number_of_keys": null, "lineitem_total": "589.00"}}, {"model": "checkout.lineitems", "pk": 7, "fields": {"checkout": 10, "product": 2, "quantity": 1, "number_of_keys": null, "lineitem_total": "589.00"}}, {"model": "checkout.lineitems", "pk": 8, "fields": {"checkout": 11, "product": 2, "quantity": 1, "number_of_keys": null, "lineitem_total": "589.00"}}, {"model": "checkout.lineitems", "pk": 9, "fields": {"checkout": 12, "product": 2, "quantity": 1, "number_of_keys": null, "lineitem_total": "589.00"}}, {"model": "checkout.lineitems", "pk": 10, "fields": {"checkout": 13, "product": 2, "quantity": 1, "number_of_keys": null, "lineitem_total": "589.00"}}, {"model": "checkout.lineitems", "pk": 11, "fields": {"checkout": 14, "product": 2, "quantity": 1, "number_of_keys": null, "lineitem_total": "589.00"}}, {"model": "checkout.lineitems", "pk": 12, "fields": {"checkout": 15, "product": 2, "quantity": 1, "number_of_keys": null, "lineitem_total": "589.00"}}, {"model": "checkout.lineitems", "pk": 13, "fields": {"checkout": 16, "product": 2, "quantity": 1, "number_of_keys": null, "lineitem_total": "589.00"}}, {"model": "checkout.lineitems", "pk": 14, "fields": {"checkout": 17, "product": 2, "quantity": 1, "number_of_keys": null, "lineitem_total": "589.00"}}, {"model": "checkout.lineitems", "pk": 15, "fields": {"checkout": 18, "product": 2, "quantity": 1, "number_of_keys": null, "lineitem_total": "589.00"}}, {"model": "checkout.lineitems", "pk": 16, "fields": {"checkout": 19, "product": 2, "quantity": 1, "number_of_keys": null, "lineitem_total": "589.00"}}, {"model": "checkout.lineitems", "pk": 17, "fields": {"checkout": 21, "product": 2, "quantity": 1, "number_of_keys": null, "lineitem_total": "589.00"}}, {"model": "checkout.lineitems", "pk": 18, "fields": {"checkout": 22, "product": 2, "quantity": 1, "number_of_keys": null, "lineitem_total": "589.00"}}, {"model": "checkout.lineitems", "pk": 19, "fields": {"checkout": 24, "product": 1, "quantity": 1, "number_of_keys": null, "lineitem_total": "5990.00"}}, {"model": "checkout.lineitems", "pk": 20, "fields": {"checkout": 25, "product": 2, "quantity": 1, "number_of_keys": null, "lineitem_total": "589.00"}}, {"model": "checkout.lineitems", "pk": 21, "fields": {"checkout": 26, "product": 2, "quantity": 1, "number_of_keys": null, "lineitem_total": "589.00"}}, {"model": "checkout.lineitems", "pk": 22, "fields": {"checkout": 27, "product": 2, "quantity": 1, "number_of_keys": null, "lineitem_total": "589.00"}}, {"model": "checkout.lineitems", "pk": 23, "fields": {"checkout": 28, "product": 2, "quantity": 1, "number_of_keys": null, "lineitem_total": "589.00"}}, {"model": "checkout.lineitems", "pk": 24, "fields": {"checkout": 29, "product": 2, "quantity": 1, "number_of_keys": null, "lineitem_total": "589.00"}}, {"model": "checkout.lineitems", "pk": 25, "fields": {"checkout": 30, "product": 2, "quantity": 1, "number_of_keys": null, "lineitem_total": "589.00"}}, {"model": "checkout.lineitems", "pk": 26, "fields": {"checkout": 31, "product": 2, "quantity": 1, "number_of_keys": null, "lineitem_total": "589.00"}}, {"model": "checkout.lineitems", "pk": 27, "fields": {"checkout": 32, "product": 2, "quantity": 1, "number_of_keys": null, "lineitem_total": "589.00"}}, {"model": "checkout.lineitems", "pk": 28, "fields": {"checkout": 33, "product": 6, "quantity": 1, "number_of_keys": null, "lineitem_total": "27.99"}}, {"model": "checkout.lineitems", "pk": 29, "fields": {"checkout": 34, "product": 6, "quantity": 1, "number_of_keys": null, "lineitem_total": "27.99"}}, {"model": "checkout.lineitems", "pk": 30, "fields": {"checkout": 35, "product": 1, "quantity": 1, "number_of_keys": null, "lineitem_total": "5990.00"}}, {"model": "checkout.lineitems", "pk": 31, "fields": {"checkout": 35, "product": 6, "quantity": 1, "number_of_keys": null, "lineitem_total": "27.99"}}, {"model": "checkout.lineitems", "pk": 32, "fields": {"checkout": 35, "product": 8, "quantity": 1, "number_of_keys": null, "lineitem_total": "14.95"}}, {"model": "accounts.useraccount", "pk": 1, "fields": {"user": 1, "default_phone_number": null, "default_country": null, "default_county": null, "default_postal_address": null, "default_city": null, "default_street_address_1": null, "default_street_address_2": null}}, {"model": "accounts.useraccount", "pk": 2, "fields": {"user": 2, "default_phone_number": "123123123", "default_country": "BD", "default_county": "asda", "default_postal_address": "12345", "default_city": "asdad", "default_street_address_1": "asdaad", "default_street_address_2": "asdas"}}, {"model": "accounts.useraccount", "pk": 3, "fields": {"user": 3, "default_phone_number": null, "default_country": null, "default_county": null, "default_postal_address": null, "default_city": null, "default_street_address_1": null, "default_street_address_2": null}}]